Tool,UTID,SO_FID,Customer ,tool_status,Open_Date,Ship_Date,Comment,Handler,K_MAT,WO1,Tester_Type,WO2,BBSE,WO3,WLR_FD,WO4,OPTION_LDSR,WO5,UVR_eUVR,WO6,AiD_SSiD,WO7,Compensator,WO8,MSWAVECAL,WO9,NLR_Ceramic_Chuck,WO10,Others,IS_SHIPPED
Viking SS11K_m,7272595,0,KLA,CA,5-Mar,19-Apr,,,,,"Tester SS11K_M 
0750868-000 ",1060677,"0750855-000 
FEATURE,2.5UM IRSE",1060678,"0712159-000 
LDSR INTEGRATION",1060679,"0714339-000 
OPTION,LDSR-EP,SS11K  ",,,,,,"0715121-000 
OPTION,COMPENSATOR,SS11K",1069335,,,,,1,0
Viking SS12K,7272623,0,KLA,CA,22-Apr,3-Jan,,,,,"Tester SS11K 
0745640-000",1061317,"0714778-000 
FEATURE,BBSE,SS11K-i",1061318,"0712159-000 
LDSR INTEGRATION",1061319,"0714339-000 
OPTION,LDSR-EP,SS11K  ",,,,,,"0715121-000 
OPTION,COMPENSATOR,SS11K",1069335,,,"0676538-000 OPTION,940NM LED,PR,LDSR",1079219,1,0
F10,7272982,117898,GLOBALFOUNDRIES DRESDEN MODULE ONE,FI,31-Oct,16-Jan,,,,,"Tester SS11K 
0745640-000",1072038,"0629129-000 
XMSE Cascaded",1072069,"0712159-000 
LDSR INTEGRATION",1072070,"0750201-000 
OPTION,LDSR-HR,SS11K",,"0748073-000
 OPTION,SWE-EP,SS11K",1072071,"0635154-000 
SSiD",1072072,"0597905-000 
OPTION,COMPENSATOR,C/W LDSR,GEN8 SE",1072077,"0614958-000 OPTION,MSWAVECAL",1072073,"0623771-000 OPTION,FOG,F1",1072074,1,0
F10,7273086,4118020,TSMC FAB 12 P7,KLA, , ,,,,,"Tester SS11KI
0715134-000",1075666,"0714778-000 
FEATURE,BBSE,SS11K-i",1075667,"0828180-000
OPTION,DIGITAL NAVIGATION SYSTEM,SS11K",1075669,,,"0748073-000
 OPTION,SWE-EP,SS11K",1075671,,,"0804803-000
OPTION,COMPENSATOR,F10",1075672, ,,,,1,0
F10,7273099,125121,TSMC FAB 12 P7,OI,23-Jan,23-Mar,,,,,Tester 0745640-000,1076489,"0714778-000 
FEATURE,BBSE,SS11K-i",1076490,"0828180-000
OPTION,DIGITAL NAVIGATION SYSTEM,SS11K",1076491,,,"0748073-000
 OPTION,SWE-EP,SS11K",1076492,,,"0804803-000
OPTION,COMPENSATOR,F10",1076493,,,,,1,0
F10,7273128,126771,SAMSUNG P2L,OI,24-Jan,12-Apr,,,,,Tester 0745640-000,1076566,"0837211-000
FEATURE IRSE 2.5UM,HS,F10",1078718,"0712159-000 
LDSR INTEGRATION",1076567,"0825352-000
ASSY,OPTICS,LDSR-HR,F10",,"0748073-000
 OPTION,SWE-EP,SS11K",1076568,0635154-000,1077515,"0804803-000
OPTION,COMPENSATOR,F10",1076569,"0614958-000 OPTION,MSWAVECAL",1076570,,,1,0
Aleris 8350,7273106,120021,INTEL IRELAND LTD FAB 24,KLA,27-Jan,5-Apr,,H000317188,0221125-000,1083197,Tester 0221128-000,1076700,"0592116-000 
FEATURE,BBSE,240/UV,ALERIS 8350,ROW",1076701,"0117525-000 
ASSY,FOCUS DETECTOR,PR,ALERIS",1076702,,,,,,,,,,,,,1,0
Aleris 8350 1274,7273126,116638,INTEL CORPORATION FAB 11X,KLA,27-Jan,12-Apr,,H000317234,0346156-000,1083105,Tester 0343668-000,1076703,"0100224-000 
FEATURE,BBSE,240/UV,ALERIS 8350",1076704,"0117525-000 
ASSY,FOCUS DETECTOR,PR,ALERIS",1076705,,,,,,,,,,,,,1,0
Viking SS11K_m,7273114,122754,SK HYNIX SEMICONDUCTOR (CHINA) C2F,KLA,1-Mar,3-Apr,,H000317006,0756702-000,1080252,"Tester SS11K_M 
0750868-000 ",1078276,"0750855-000 
FEATURE,2.5UM IRSE",1078297,,,0828181-000-Option DNS,1078303,,,,,"0715121-000 
OPTION,COMPENSATOR,SS11K",1078304,,,,,1,0
Aleris 8370,7273097,123416,SAMSUNG P2F,KLA,2-Mar,7-Apr,,H000317016,0221125-000,1079749,Tester 0221128-000,1078417,"0792813-000 
FEATURE,BBSE,240/UV,ALERIS 8370,ROW",1078418,"0861457-000 
FEATURE,WLR & IR LED 850,ALERIS",1078419,,,"0200340-000 
OPTION,UVR,1X OBJ,ALERIS",1078420,,,,," 0718914-000 
FIBER,400UM,5M,AL,.22NA,SMA",1078421,,,1,0
Viking SS11K_m,7273120,121784,SK HYNIX SEMICONDUCTOR (CHINA) C2F,KLA,6-Mar,6-Apr,,H000317151,0756702-000,1080686,"Tester SS11K_M 
0750868-000 ",1078528,"0750855-000 
FEATURE,2.5UM IRSE",1078529,,,0828181-000-Option DNS,1078530,,,,,"0715121-000 
OPTION,COMPENSATOR,SS11K",1078531,,,,,1,0
LD10,7273124,118030,STMICROELECTRONICS (CROLLES 2) SAS,KLA,7-Mar,11-Apr,,H000317226,0523938-000,1080826,"TESTER – LD 10
0511938-000",1078550,"IRSE A-B
0598134-000",1078552,"WLR for SF LD 10
0353539-000",1078554,,,"0556087-000
KIT,SWE-2,SHELBY",1078557,"0510619-000
OPTION,SSID/SWE/SHELBY",1078555,"OPTION,940NM LED,WLR/PR
0676544-000",1078556,,,,,1,0
Viking LS11K,7273066,119118,INTEL IRELAND LTD FAB 24,KLA,9-Mar,3-May,,H000317351,0773971-000,1082792,"0757019-000
TESTER,LITHOSHAPE 11K",1078720,"0756154-000
FEATURE,BBSE,LS11K",1078721,"0755684-000 
KIT,INTEGRATION,LDSR,LS11K",1078722,"0575683-000
OPTION,LDSR",,,,,,"0715121-000
Copensator",1078724,,,,,1,0
Aleris 8370,7273092,,SAMSUNG P3,KLA-Vilar ,15-Mar,17-Apr,,H000317169,0221125-000,1083148,Tester 0221128-000,1078934,"0792813-000 
FEATURE,BBSE,240/UV,ALERIS 8370,ROW",1078935,"0861457-000 
FEATURE,WLR & IR LED 850,ALERIS",1078936,,,"0200340-000 
OPTION,UVR,1X OBJ,ALERIS",1078937,,,,," 0718914-000 
FIBER,400UM,5M,AL,.22NA,SMA",1078938,,,1,0
-,-,-,-,-,-,-,-,-,-,-,-,-,-,-,-,-,-,-,-,-,-,-,-,-,-,-,-,-,,0
Viking F1,7273132,120693,TSMC FAB 18 P5,KLA,15-Mar,14-Apr,,H000317214,0634468-000,1080399,Tester 0614033-000,1078940,"0629129-000 
XMSE Cascaded",1078941,"0630252-000 
OPTION,DIGITAL NAVIGATION SYSTEM",1078942,,,"0607019-000 
OPTION,SWE-EP",1078943,,,"0597905-000 
OPTION,COMPENSATOR,C/W LDSR,GEN8 SE",1078946,"0614958-000 OPTION,MSWAVECAL",1078944,"0623771-000 OPTION,FOG,F1",1078945,,0
SF 8660,7273135,120503,SOITEC SA,KLA-Vilar ,23-Mar,27-Apr,,H000317252,0809023-000,1082474,Tester - 0754738-000,1079231,"0283706-000 
FEATURE,240 BBSE,64SUMS,SPECTRA SHAPE",1079233,"0100231-001 
FEATURE,WLR,ALERIS",1079234,,,,,,,,,,,,,1,0
Aleris 8370,7273121,125359,SAMSUNG P3,KLA-Vilar ,24-Mar,1-May,,H000317288,0221125-000,1081489,Tester 0221128-000,1079270,"0792813-000 
FEATURE,BBSE,240/UV,ALERIS 8370,ROW",1079271,"0861457-000 
FEATURE,WLR & IR LED 850,ALERIS",1079272,,,"0200340-000 
OPTION,UVR,1X OBJ,ALERIS",1079273,,,,," 0718914-000 
FIBER,400UM,5M,AL,.22NA,SMA",1079274,,,1,0
Aleris 8370,7273133,123422,SAMSUNG XIAN FAB,KLA-Vilar ,24-Mar,21-Apr,,H000317091,0221125-000,1081402,Tester 0221128-000,1079290,"0792813-000 
FEATURE,BBSE,240/UV,ALERIS 8370,ROW",1079291,"0861457-000 
FEATURE,WLR & IR LED 850,ALERIS",1079292,,,"0200340-000 
OPTION,UVR,1X OBJ,ALERIS",1079293,,,,," 0718914-000 
FIBER,400UM,5M,AL,.22NA,SMA",1079294,,,1,0
Viking SS11K_m,7273152,125823,SK HYNIX M14-2,KLA,27-Mar,2-May,,H000317123,0756702-000,1083311,"Tester SS11K_M 
0750868-000 ",1079348,"0750855-000 
FEATURE,2.5UM IRSE",1079349,"0630252-000 
OPTION,DIGITAL NAVIGATION SYSTEM",1079350,,,,,,,"0715121-000 
OPTION,COMPENSATOR,SS11K",1079351,,,,,1,0
Viking SS11K_m,7273153,125425,SK HYNIX SEMICONDUCTOR (CHINA) C2F,KLA,27-Mar,4-May,,H000317093,0756702-000,1081648,"Tester SS11K_M 
0750868-000 ",1079357,"0750855-000 
FEATURE,2.5UM IRSE",1079358,,,0828181-000-Option DNS,1079359,,,,,"0715121-000 
OPTION,COMPENSATOR,SS11K",1079360,,,,,1,0
Viking F1,7273158,120701,TSMC FAB 18 P5,KLA,27-Mar,8-May,,H000317245,0634468-000,1081497,Tester 0614033-000,1079387,"0629129-000 
XMSE Cascaded",1079388,"0630252-000 
OPTION,DIGITAL NAVIGATION SYSTEM",1079389,,,"0607019-000 
OPTION,SWE-EP",1079390,,,"0597905-000 
OPTION,COMPENSATOR,C/W LDSR,GEN8 SE",1079391,"0614958-000 OPTION,MSWAVECAL",1079392,"0623771-000 OPTION,FOG,F1",1079393,,0
Viking F1,7273150,120706,TSMC FAB 18 P5,KLA,27-Mar,11-May,,H000317304,0634468-000,1081878,Tester 0614033-000,1079459,"0629129-000 
XMSE Cascaded",1079460,"0630252-000 
OPTION,DIGITAL NAVIGATION SYSTEM",1079463,,,"0607019-000 
OPTION,SWE-EP",1079464,,,"0597905-000 
OPTION,COMPENSATOR,C/W LDSR,GEN8 SE",1079465,"0614958-000 OPTION,MSWAVECAL",1079466,"0623771-000 OPTION,FOG,F1",1079467,,0
Viking SS12K,7273115,,KLA,KLA,29-Mar,,,,,,"Tester SS12K 
0787175-000",1079468,"0802914-000 
FEATURE,BBSE,SS12K",1079469,"0801880-000 
KIT,INTEGRATION,LDSR-XP",1079470,"0790589-000-Optical module, LDSR-XP",,,,,,"0715121-000 
OPTION,COMPENSATOR,SS11K",1079471,,,,,1,0
Viking LS11K,7273064,119113,INTEL IRELAND LTD FAB 24,KLA,29-Mar,31-May,,H000344296,0773971-000,1082695,"0757019-000
TESTER,LITHOSHAPE 11K",1079481,"0756154-000
FEATURE,BBSE,LS11K",1079482,"0755684-000 
KIT,INTEGRATION,LDSR,LS11K",1079483,"0575683-000
OPTION,LDSR",,,,,,"0715121-000
Copensator",1079484,,,,,1,0
Viking SS11K_S,7273155,126737,SAMSUNG L-16,KLA,29-Mar,9-May,,H000317336,0842074-000,1079522," TESTER,SPECTRASHAPE 11K_S
0842074-000",1079522,"0837027-000 
FEATURE,IRSE2.5,SS11K_S",1079523,"0712159-000 
LDSR INTEGRATION",1079524,"0750201-000 
OPTION,LDSR-HR,SS11K",,,,,,"0715121-000 
OPTION,COMPENSATOR,SS11K",1079525,,,,,1,0
Aleris 8350,7273161,122853,SK HYNIX M14-2,KLA-Vilar ,29-Mar,10-May,,H000344297,0221125-000,1083391,Tester 0221128-000,1079526,"0603648-000 BBSE 193 DUV Aleris 8350,ROW",1082476,"0100231-001 
FEATURE,WLR,ALERIS",1082525,,,,,,,,,,,,,1,0
Aleris 8500,7273156,117093,UMC 12A P5,KLA-Vilar ,30-Mar,1-Jun,,H000317342,0221126-000,1082139,Tester 0221129-000,1079545,"0100228-000
FEATURE,BBSE,150/VUV,ALERIS 8500",1079546,"0100231-001 
FEATURE,WLR,ALERIS",1079559,,,,,0613744-000 ID,1079560,"0372205-001 
KIT,SWE,ALERIS,ROW",1079561,,,,,1,0
Viking SS11K_m,7273160,122812,CHANGXIN XINQIAO MEMORY,KLA,30-Mar,23-May,,H000317184,0756702-000,1082129,"Tester SS11K_M 
0750868-000 ",1079562,"0750855-000 
FEATURE,2.5UM IRSE",1079563,"0712159-000 
LDSR INTEGRATION",1079584,"0750201-000 
OPTION,LDSR-HR,SS11K",,,,,,"0715121-000 
OPTION,COMPENSATOR,SS11K",1079564,,,,,1,0
Viking F1,7273175,120709,TSMC FAB 18 P6,KLA,30-Mar,26-May,,H000344246,0634468-000,1081875,Tester 0614033-000,1079585,"0629129-000 
XMSE Cascaded",1079586,"0630252-000 
OPTION,DIGITAL NAVIGATION SYSTEM",1079587,,,"0607019-000 
OPTION,SWE-EP",1079588,,,"0597905-000 
OPTION,COMPENSATOR,C/W LDSR,GEN8 SE",1079590,"0614958-000 OPTION,MSWAVECAL",1079591,"0623771-000 OPTION,FOG,F1",1079592,,0
-,-,-,-,-,-,-,-,-,-,-,-,-,-,-,-,-,-,-,-,-,-,-,-,-,-,-,-,-,,0
Viking SS11K_S,7273145,126735,SAMSUNG P3F,KLA,3-Apr,18-May,,H000317153,0842074-000,1079723," TESTER,SPECTRASHAPE 11K_S
0842074-000",1079723,"0837027-000 
FEATURE,IRSE2.5,SS11K_S",1079730,"0712159-000 
LDSR INTEGRATION",1079725,"0750201-000 
OPTION,LDSR-HR,SS11K",,,,,,"0715121-000 
OPTION,COMPENSATOR,SS11K",1079727,,,,,1,0
Viking LS11K,7273068,118950,INTEL IRELAND LTD FAB 24,KLA,3-Apr,21-Jun,,H000344320,0773971-000,1082895,"0757019-000
TESTER,LITHOSHAPE 11K",1079741,"0756154-000
FEATURE,BBSE,LS11K",1079742,"0755684-000 
KIT,INTEGRATION,LDSR,LS11K",1079743,"0575683-000
OPTION,LDSR",,,,,,"0715121-000
Copensator",1079744,,0750742-000,0709940-000,0769140-000,1,0
Viking SS11Ki,7273186,119222,INTEL IRELAND LTD FAB 24,KLA,3-Apr,23-Jun,,H000344353,0819629-000,1082866,"Tester SS11K-I 
0715134-000",1079745,0714778-000 - BBSE SS11K,1079746,"0712159-000 
LDSR INTEGRATION",1079747,"0714339-000     
OPTION,LDSR-EP,SS11K  ",,,,,,"0715121-000 
Compensator",1079748,,,0769140-000,,1,0
Aleris 8370,7273137,126439,SAMSUNG P3F,KLA-Vilar ,5-Apr,28-Apr,,H000317211,0221125-000,1081427,Tester 0221128-000,1079763,"0792813-000 
FEATURE,BBSE,240/UV,ALERIS 8370,ROW",1079764,"0861457-000 
FEATURE,WLR & IR LED 850,ALERIS",1079765,,,"0200340-000 
OPTION,UVR,1X OBJ,ALERIS",1079766,,,,," 0718914-000 
FIBER,400UM,5M,AL,.22NA,SMA",1079767,,,1,0
Viking SS11Ki,7273179,118673,INTEL CORPORATION FAB D1C,KLA,11-Apr,20-Jun,,H000344409,0819629-000,1082924,"Tester SS11K-I 
0715134-000",1079976,0714778-000 - BBSE SS11K,1079977,"0712159-000 
LDSR INTEGRATION",1079978,"0714339-000     
OPTION,LDSR-EP,SS11K  ",,,,,,"0715121-000 
Compensator",1079979,,,,,1,0
-,-,-,-,-,-,-,-,-,-,-,-,-,-,-,-,-,-,-,-,-,-,-,-,-,-,-,-,-,-,0
Aleris 8370,7273157,126441,SAMSUNG XIAN FAB,KLA,12-Apr,17-May,,H000317175,0221125-000,1082133,Tester 0221128-000,1080029,"0792813-000 
FEATURE,BBSE,240/UV,ALERIS 8370,ROW",1080030,"0861457-000 
FEATURE,WLR & IR LED 850,ALERIS",1080031,,,"0200340-000 
OPTION,UVR,1X OBJ,ALERIS",1080033,,,,," 0718914-000 
FIBER,400UM,5M,AL,.22NA,SMA",1080034,,,1,0
-,-,-,-,-,-,-,-,-,-,-,-,-,-,-,-,-,-,-,-,-,-,-,-,-,-,-,-,-,-,0
Viking F1,7273185,120711,TSMC FAB 18 P6,KLA,17-Apr,13-Jun,,H000344345,0634468-000,1082137,Tester 0614033-000,1080183,"0629129-000 
XMSE Cascaded",1080184,"0630252-000 
OPTION,DIGITAL NAVIGATION SYSTEM",1080185,,,"0607019-000 
OPTION,SWE-EP",1080186,,,"0597905-000 
OPTION,COMPENSATOR,C/W LDSR,GEN8 SE",1080187,"0614958-000 OPTION,MSWAVECAL",1080188,"0623771-000 OPTION,FOG,F1",1080189,,0
Viking SS11Ki,7273181,120590,INTEL CORPORATION FAB D1D,KLA,17-Apr,28-Jun,,H000344502,0819629-000,1083383,"Tester SS11K-I 
0715134-000",1080192,0714778-000 - BBSE SS11K,1080193,"0712159-000 
LDSR INTEGRATION",1080194,"0714339-000     
OPTION,LDSR-EP,SS11K  ",,,,,,"0715121-000 
Compensator",1080195,,,0769140-000,0744867-000,1,0
-,-,-,-,-,-,-,-,-,-,-,-,-,-,-,-,-,-,-,-,-,-,-,-,-,-,-,-,-,-,0
Viking LS11K,7273088,120510,INTEL CORPORATION FAB D1D,KLA,17-Apr,27-Jun,,H000344518,0773971-000,1083245,"0757019-000
TESTER,LITHOSHAPE 11K",1080205,"0756154-000
FEATURE,BBSE,LS11K",1080206,"0755684-000 
KIT,INTEGRATION,LDSR,LS11K",1080207,"0575683-000
OPTION,LDSR",,,,,,"0715121-000
Copensator",1080208,0744867-000,0750742-000,0709940-000,0769140-000,1,0
Viking SS10K 3D EP,7273178,123044,MACRONIX INTERNATIONAL CO. LTD,KLA,17-Apr,2-Jun,,H000344310,0694166-000,1082791,Tester 0575637-000,1080210,"0624483-000 
FEATURE, 2.2UM IRSE",1080211,"0638704-000 
KIT,INTEGRATION,LDSR",1080212,"0575683-000 
OPTION,LDSR,VIKING",,,,,,Copensator 0658195-000,1080213,,,,,,0
Viking SS10K 3D ,7273180,122910,SOITEC MICROELECTRONICS SINGAPORE,KLA,17-Apr,2-Jun,,H000344309,0694165-000,1082402,Tester 0575637-000,1080215,"0624483-000 
FEATURE, 2.2UM IRSE",1080216,"0630252-000 
OPTION,DIGITAL NAVIGATION SYSTEM",1080634,,,,,,,"0597905-000 
OPTION,COMPENSATOR,C/W LDSR,GEN8 SE",1080579,,,,,,0
Viking F1 ,7273190,120719,TSMC FAB 18 P5,KLA,24-Apr,15-Jun,,H000344416,0634468-000,1082766,Tester 0614033-000,1080511,"0629129-000 
XMSE Cascaded",1080512,"0630252-000 
OPTION,DIGITAL NAVIGATION SYSTEM",1080513,,,"0607019-000 
OPTION,SWE-EP",1080514,,,"0597905-000 
OPTION,COMPENSATOR,C/W LDSR,GEN8 SE",1080517,"0614958-000 OPTION,MSWAVECAL",1080515,"0623771-000 OPTION,FOG,F1",1080516,,0
Viking SS10K 3D ,7273183,122106,KIOXIA CORP Y7,KLA,25-Apr,15-Jun,,H000344360,0694166-000,1083135,Tester 0575637-000,1080641,"0624483-000 
FEATURE, 2.2UM IRSE",1080642,"0638704-000 
KIT,INTEGRATION,LDSR",1080640,"0575683-000 
OPTION,LDSR,VIKING",,,,,,Copensator 0658195-000,1080643,,,,,,0
SS9010 ,7273118,117745,TEXAS INSTRUMENTS RFAB 2,KLA,26-Apr,30-May,,H000317279,0391024-000,1082805,"TESTER,SPECTRA SHAPE 9010
0376421-000",1080659,"0527023-000 
FEATURE,BBSE,ROW,SHELBY",1080661,"WLR for SF LD 10
0353539-000",1080662,,,0556674-000 Low NA Euvr,1080663,,,"OPTION,940NM LED,WLR/PR
0676544-000",1080664,,,,,,0
SF 8660 HT,7273165,118940,INFINEON 300MM FAB,KLA-Vilar ,26-Apr,2-Jun,,H000317147,0809023-000,1082806,Tester - 0754738-000,1080675,"0283706-000 
FEATURE,240 BBSE,64SUMS,SPECTRA SHAPE",1080679,"0100231-001 
FEATURE,WLR,ALERIS",1080680,,,"0100420-000 
OPTION,15X UVR,ALERIS",1080681,,,,,,,,,,0
Viking SS11K,7273187,119469,TSMC FAB 18 P1,KLA,28-Apr,15-Jun,,0756701-000,H000317218,1083082,Tester 0745640-000,1080752,"0714778-000 
FEATURE,BBSE,SS11K-i",1080754,"0712159-000 
LDSR INTEGRATION",1080755,"0714339-000 
OPTION,LDSR-EP,SS11K  ",,,,,,"0715121-000 
OPTION,COMPENSATOR,SS11K",1080756,,,,,,0
SS 8660,7273141,120031,TSMC FAB 16,KLA,28-Apr,9-Jun,,H000317146,0256531-000,1082537,Tester - 0299229-000,1080792,"0283706-000 
FEATURE,240 BBSE,64SUMS,SPECTRA SHAPE",1080793,0117525-000 FD,1080794,,,"0283708-000 
eUVR",1080795,,,,,,,"0613804-000 ASSY, N2 PURGE, 8810/8660 MATCHING,MAKE ",1081132,,0
-,-,-,-,-,-,-,-,-,-,-,-,-,-,-,-,-,-,-,-,-,-,-,-,-,-,-,-,-,-,0
SS9010,7273184,117746,TEXAS INSTRUMENTS RFAB 2,KLA-Vilar ,2-May,19-Jun,,H000317324,0391024-000,1083104,"TESTER,SPECTRA SHAPE 9010
0376421-000",1080837,"0527023-000 
FEATURE,BBSE,ROW,SHELBY",1080838,"WLR for SF LD 10
0353539-000",1080839,,,0556674-000 Low NA Euvr,1080840,,,"OPTION,940NM LED,WLR/PR
0676544-000",1080841,,,,,,0
Aleris 8350,7273171,111542,SK HYNIX M16,KLA,2-May,2-Jun,,H000344344,0221125-000,1083385,Tester 0221128-000,1080844,"0592116-000 
FEATURE,BBSE,240/UV,ALERIS 8350,ROW",1080845,"0671131-000 
WLR & IR LED 780",1080850,,,"0100420-000 
OPTION,15X UVR,ALERIS",1080851,,,,,,,,,1,0
Viking F1,7273195,120720,TSMC FAB 18 P6,KLA,3-May,21-Jun,,H000344442,0634468-000,1082865,Tester 0614033-000,1080865,"0629129-000 
XMSE Cascaded",1080866,"0630252-000 
OPTION,DIGITAL NAVIGATION SYSTEM",1080867,,,"0607019-000 
OPTION,SWE-EP",1080868,,,"0597905-000 
OPTION,COMPENSATOR,C/W LDSR,GEN8 SE",1080869,"0614958-000 OPTION,MSWAVECAL",1080870,"0623771-000 OPTION,FOG,F1",1080871,,0
Viking SS11K,7273194,120555,TSMC FAB 18 P6,KLA,3-May,2-Jun,,H000317063,0756701-000,1083094,Tester 0745640-000,1080886,"0714778-000 
FEATURE,BBSE,SS11K-i",1080887,"0712159-000 
LDSR INTEGRATION",1080888,"0714339-000 
OPTION,LDSR-EP,SS11K  ",,,,,,"0715121-000 
OPTION,COMPENSATOR,SS11K",1080889,,,,,1,0
Aleris 8350,7273174,126437,SAMSUNG L-16,KLA,2-May,2-Jun,,H000344274,0221125-000,1082885,Tester 0221128-000,1080890,"0592116-000 
FEATURE,BBSE,240/UV,ALERIS 8350,ROW",1080891,"0861457-000 
FEATURE,WLR & IR LED 850,ALERIS",1080892,,,"0200340-000 
OPTION,UVR,1X OBJ,ALERIS",1080896,0613744-000 ID,1080898,"0372205-001 
KIT,SWE,ALERIS,ROW",1080899," 0718914-000 
FIBER,400UM,5M,AL,.22NA,SMA",1080897,,,1,0
Aleris 8350,7273169,126440,SAMSUNG P1-3,KLA,7-May,2-Jun,,H000344234,0221125-000,1082395,Tester 0221128-000,1080976,"0592116-000 
FEATURE,BBSE,240/UV,ALERIS 8350,ROW",1080977,"0861457-000 
FEATURE,WLR & IR LED 850,ALERIS",1080978,,,"0200340-000 
OPTION,UVR,1X OBJ,ALERIS",1080979,,,,," 0718914-000 
FIBER,400UM,5M,AL,.22NA,SMA",1080980,,,1,0
Aleris 8350,7273189,118973,UMC 12A P5,KLA,7-May,14-Jun,,H000344410,0221125-000,1082930,Tester 0221128-000,1080981,"0592116-000 
FEATURE,BBSE,240/UV,ALERIS 8350,ROW",1080982,"0100231-001 
FEATURE,WLR,ALERIS",1081449,,,,,0613744-000 ID,1080984,"0372205-001 
KIT,SWE,ALERIS,ROW",1080985,,,,,1,0
Viking SS10K 3D EP,7273198,120753,INTEL SEMICONDUCTOR (DALIAN) LTD.,KLA,8-May,28-Jun,,H000344287,0694166-000,1083240,Tester 0575637-000,1081004,"0624483-000 
FEATURE, 2.2UM IRSE",1081005,"0638704-000 
KIT,INTEGRATION,LDSR",1081006,"0575683-000 
OPTION,LDSR,VIKING",,,,,,Copensator 0658195-000,1081007,"0851369-000 KIT,UPGRADE,V8.1, 800UM BOW",1081442,"0676538-000 OPTION,940NM LED,PR,LDSR",1081008,1,0
LD10,7273168,118031,STMICROELECTRONICS (CROLLES 2) SAS,KLA,8-May,12-Jun,,H000317368,0523938-000,1082926,"TESTER – LD 10
0511938-000",1081009,"IRSE A-B
0598134-000",1081010,"WLR for SF LD 10
0353539-000",1081011,,,"0556087-000
KIT,SWE-2,SHELBY",1081467,"0510619-000
OPTION,SSID/SWE/SHELBY",1081012,"OPTION,940NM LED,WLR/PR
0676544-000",1081013,,,,,1,0
Viking F1,7273207,,TSMC FAB 18 P5,KLA,9-May,30-Jun,,H000344488,0634468-000,1083273,Tester 0614033-000,1081014,"0629129-000 
XMSE Cascaded",1081015,"0630252-000 
OPTION,DIGITAL NAVIGATION SYSTEM",1081016,,,"0607019-000 
OPTION,SWE-EP",1081017,,,"0597905-000 
OPTION,COMPENSATOR,C/W LDSR,GEN8 SE",1081018,"0614958-000 OPTION,MSWAVECAL",1081019,"0623771-000 OPTION,FOG,F1",1081021,,0
LD10,7273147,118032,X-FAB FRANCE SAS,KLA,9-May,21-Jun,,H000344298,0523938-000,1083062,"TESTER – LD 10
0511938-000",1081028,"0527023-000 
FEATURE,BBSE,ROW,SHELBY",1081029,"WLR for SF LD 10
0353539-000",1081030,,,"0556087-000
KIT,SWE-2,SHELBY",1081136,"0510619-000
OPTION,SSID/SWE/SHELBY",1081031,,,,,,,1,0
Aleris 8350,7273159,126438,SAMSUNG P1-3,KLA,9-May,7-Jun,,H000344261,0221125-000,1082195,Tester 0221128-000,1081051,"0592116-000 
FEATURE,BBSE,240/UV,ALERIS 8350,ROW",1081108,"0861457-000 
FEATURE,WLR & IR LED 850,ALERIS",1081127,,,"0200340-000 
OPTION,UVR,1X OBJ,ALERIS",1081128,,,,," 0718914-000 
FIBER,400UM,5M,AL,.22NA,SMA",1081129,,,1,0
Viking SS11Ki,7273212,118648,INTEL IRELAND LTD FAB 24,KLA,12-May,4-Jul,,H000344503,0819629-000,1084491,"Tester SS11K-I 
0715134-000",1081403,0714778-000 - BBSE SS11K,1081405,"0712159-000 
LDSR INTEGRATION",1081407,"0714339-000     
OPTION,LDSR-EP,SS11K  ",,,,,,"0715121-000 
Compensator",1081410,,,0769140-000,0744867-000,,0
Viking SS11K_S,7273213,,SAMSUNG P3F,KLA,15-May,4-Jul,,,,," TESTER,SPECTRASHAPE 11K_S
0842074-000",1081438,"0837027-000 
FEATURE,IRSE2.5,SS11K_S",1081437,"0712159-000 
LDSR INTEGRATION",1081439,"0750201-000 
OPTION,LDSR-HR,SS11K",,,,,,"0715121-000 
OPTION,COMPENSATOR,SS11K",1081440,,,,,,0
F10-XP,7273146,,INTEL CORPORATION FAB D1D,KLA,15-May,14-Aug,,,,,Tester 0745640-000,1081452,"0837211-000
FEATURE IRSE 2.5UM,HS,F10",1081472,"0712159-000 
LDSR INTEGRATION",1081473,"0825350-000           OPTION,LDSR-HR,F10",,"0748073-000
 OPTION,SWE-EP,SS11K",1081477,"0754840-000
KIT,INTEGRATION,SSID,SS11K",1081478,"0804803-000
OPTION,COMPENSATOR,F10",1081479," 0975909-000           KIT,UPGRADE,SE 170,V9,F10",1081481,"0623771-000 OPTION,FOG,F1",1081480,,0
Aleris 8510,7273191,117159,WINBOND FAB KAOHSIUNG,KLA,16-May,21-Jun,,H000344230,0256442-000,1083392,Tester  0291462-000,1081496,"0256449-000 
FEATURE,BBSE,150/VUV,ALERIS 8510",1081500,"0117525-000 
ASSY,FOCUS DETECTOR,PR,ALERIS",1081501,,,"0372205-001 
KIT,SWE,ALERIS,ROW",1081504,0567632-000 AID,1081505,,,,,"0379804-000 KIT, N2 PURGE, MATCHING",1081506,,0
LD10,7273246,119544,STMICROELECTRONICS (CROLLES 2) SAS,KLA,17-May,19-Jun,,H000317364,0523938-000,1083525,"TESTER – LD 10
0511938-000",1081508,"IRSE A-B
0598134-000",1081509,"WLR for SF LD 10
0353539-000",1081510,,,"0556087-000
KIT,SWE-2,SHELBY",1081601,"0510619-000
OPTION,SSID/SWE/SHELBY",1081511,"OPTION,940NM LED,WLR/PR
0676544-000",1081602,,,,,,0
Viking SS12K,7273069,,KLA,KLA,17-May,30-Jun,,,,,"Tester SS12K 
0787175-000",1081617," 0960431-000        FEATURE,BBSE,SS11K,ROW",1082012,,,,,"0801880-000 
KIT,INTEGRATION,LDSR-XP",1084803,,,"0715121-000 
OPTION,COMPENSATOR,SS11K",1081634,,,"0676538-000 OPTION,940NM LED,PR,LDSR",1082013,,0
Viking SS11K_m,7273148,119277,MICRON FAB 11,KLA,17-May,31-Jul,,H000344479,0756702-000,1084647,"Tester SS11K_M 
0750868-000 ",1081638,"0750855-000 
FEATURE,2.5UM IRSE",1081649," 0862467-000           LDSR INTEGRATION, ROW",1081647,"0750201-000 
OPTION,LDSR-HR,SS11K",,"0748073-000
 OPTION,SWE-EP,SS11K",1081641,"0754840-000
KIT,INTEGRATION,SSID,SS11K",1081642,"0715121-000 
OPTION,COMPENSATOR,SS11K",1081644,"0676538-000
OPTION,940NM LED,PR,LDSR ",1081645,,,1,0
Aleris 8370,7273176,123646,SAMSUNG P3F,KLA,19-May,14-Jun,,H000344273,0221125-000,1083241,Tester 0221128-000,1081655,"0792813-000 
FEATURE,BBSE,240/UV,ALERIS 8370,ROW",1081656,"0861457-000 
FEATURE,WLR & IR LED 850,ALERIS",1081657,,,"0200340-000 
OPTION,UVR,1X OBJ,ALERIS",1081658,0613744-000 ID,1081659,0372205-001 SWE,1081660," 0718914-000 
FIBER,400UM,5M,AL,.22NA,SMA",1081661,,,1,0
-,-,-,-,-,-,-,-,-,-,-,-,-,-,-,-,-,-,-,-,-,-,-,-,-,-,-,-,-,-,0
Aleris 8350,7273206,117160,WINBOND FAB KAOHSIUNG,KLA,23-May,20-Jun,,H000344243,0221125-000,1082886,Tester 0221128-000,1081798,"0592116-000 
FEATURE,BBSE,240/UV,ALERIS 8350,ROW",1081800,"0100231-001 
FEATURE,WLR,ALERIS",1081801,,,"0100420-000 
OPTION,15X UVR,ALERIS",1081802,,,,,,,"0379804-000 KIT, N2 PURGE, MATCHING",1081803,1,0
-,-,-,-,-,-,-,-,-,-,-,-,-,-,-,-,-,-,-,-,-,-,-,-,-,-,-,-,-,-,0
Aleris 8350,7273151,,INTEL IRELAND LTD FAB 24,KLA,23-May,20-Jun,,H000344436,0221125-000,1083433,Tester 0221128-000,1081810,"0592116-000 
FEATURE,BBSE,240/UV,ALERIS 8350,ROW",1081811,"0117525-000 
ASSY,FOCUS DETECTOR,PR,ALERIS",1081812,,,,,,,,,,,,,,0
Viking SS12K,7273201,127438,TSMC FAB 12 P5,KLA,24-May,30-Jun,,H000316884,0787175-000,1081890,"Tester SS12K 
0787175-000",1081890,"0802914-000 
FEATURE,BBSE,SS12K",1081618,"0801880-000 
KIT,INTEGRATION,LDSR-XP",1081633,"0790589-000-Optical module, LDSR-XP",,,,,,"0715121-000 
OPTION,COMPENSATOR,SS11K",1081891,,,"0676538-000 OPTION,940NM LED,PR,LDSR",1084337,,0
Viking F1,7273215,123108,TSMC FAB 12 P8,KLA,25-May,30-Jun,,H000344497,0634468-000,1083250,Tester 0614033-000,1081974,"0629129-000 
XMSE Cascaded",1081975,"0630252-000 
OPTION,DIGITAL NAVIGATION SYSTEM",1081976,,,"0607019-000 
OPTION,SWE-EP",1081977,,,"0597905-000 
OPTION,COMPENSATOR,C/W LDSR,GEN8 SE",1081980,"0614958-000 OPTION,MSWAVECAL",1081978,"0623771-000 OPTION,FOG,F1",1081979,,0
F20,7273220,127349,SAMSUNG P3F,KLA,26-May,18-Aug,,,,,Tester 0745640-000,1082093,"0837211-000-FEATURE IRSE 2.5UM,HS,F10 ",1082097,"0990091-000
LDSR INTEGRATION",1082106,"0825350-000-OPTION,LDSRHR,F10  ",,"0748073-000
 OPTION,SWE-EP,SS11K",1082098,,,"0804803-000
OPTION,COMPENSATOR,F10",1082099,"0614958-000 OPTION,MSWAVECAL",1082100,"0623771-000 OPTION,FOG,F1",1082101,1,0
-,-,-,-,-,-,-,-,-,-,-,-,-,-,-,-,-,-,-,-,-,-,-,-,-,-,-,-,-,-,0
-,-,-,-,-,-,-,-,-,-,-,-,-,-,-,-,-,-,-,-,-,-,-,-,-,-,-,-,-,-,0
Aleris 8370,7273173,127468,SAMSUNG P3F,KLA,31-May,28-Jun,,,,,Tester 0221128-000,1082200,"0792813-000 
FEATURE,BBSE,240/UV,ALERIS 8370,ROW",1082201,"0861457-000 
FEATURE,WLR & IR LED 850,ALERIS",1082202,,,"0200340-000 
OPTION,UVR,1X OBJ,ALERIS",1082203,,,,," 0718914-000 
FIBER,400UM,5M,AL,.22NA,SMA",1082204,,,1,0
Viking SS11Ki,7273275,124106,INTEL CORPORATION FAB D1D,KLA,1-Jun,2-Aug,,,,,"Tester SS11K-I 
0715134-000",1082265,0714778-000 - BBSE SS11K,1082266,"0712159-000 
LDSR INTEGRATION",1082267,"0714339-000     
OPTION,LDSR-EP,SS11K  ",,,,,,"0715121-000 
Compensator",1082268,,,0769140-000,0744867-000,,0
Viking SS11K_m,7273289,119335,SONY SEMI MFG OITA,KLA,1-Jun,25-Jul,,,,,"Tester SS11K_M 
0750868-000 ",1082326,"0750855-000 
FEATURE,2.5UM IRSE",1082327,"0712159-000 
LDSR INTEGRATION",1082328,"0750201-000 
OPTION,LDSR-HR,SS11K",,,,,,"0715121-000 
OPTION,COMPENSATOR,SS11K",1082329,,,,0779349-000,1,0
Viking SS11K,7273096,119470,TSMC FAB 18 P1,KLA,2-Jun,2-Aug,,H000317219,0756701-000,1084918,Tester 0745640-000,1082346,"0714778-000 
FEATURE,BBSE,SS11K-i",1082347,"0712159-000 
LDSR INTEGRATION",1082348,"0714339-000 
OPTION,LDSR-EP,SS11K  ",,,,,,"0715121-000 
OPTION,COMPENSATOR,SS11K",1082350,,,,,1,0
Viking SS11K_m,7273223,120732,YANGTZE MEMORY TECHNOLOGIES,KLA,2-Jun,29-Jul,,,,,"Tester SS11K_M 
0750868-000 ",1082352,"0750855-000 
FEATURE,2.5UM IRSE",1082353,"0712159-000 
LDSR INTEGRATION",1082354,"0750201-000 
OPTION,LDSR-HR,SS11K",,,,,,"0715121-000 
OPTION,COMPENSATOR,SS11K",1082350,"0814857-000           KIT,UPGRADE,1.2MM CAPABILITY,SS11K",1082360,"  0841808-000        KIT,UPGRADE,PASSIVE ISOLATION,SS11K",1082355,1,0
Aleris 8370,7273144,125360,SAMSUNG P3F,KLA,4-Jun,30-Jun,,,,,Tester 0221128-000,1082538,"0792813-000 
FEATURE,BBSE,240/UV,ALERIS 8370,ROW",1082539,"0861457-000 
FEATURE,WLR & IR LED 850,ALERIS",1082540,,,"0200340-000 
OPTION,UVR,1X OBJ,ALERIS",1082541,,,,," 0718914-000 
FIBER,400UM,5M,AL,.22NA,SMA",1082542,,,1,0
SS9010,7273125,120234,RESOURCES WEST MICROELECTRONICS,KLA-Vilar ,8-Jun,30-Jun,,H000317236,0391024-000,1084916,"TESTER,SPECTRA SHAPE 9010
0376421-000",1082667,"IRSE A-B
0598134-000",1082670,"0350699-000 
FEATURE,PR/FOCUS DETECTOR,SHELBY CD",1082674,,,0556674-000 Low NA Euvr,1082675,,,,,,,,,1,0
Viking SS11K_S,7273230,123828,SAMSUNG P1-2,KLA,9-Jun,30-Jun,,,,," TESTER,SPECTRASHAPE 11K_S
0842074-000",1082680,"0750855-000 
FEATURE,2.5UM IRSE",1083574,"0712159-000 
LDSR INTEGRATION",1082682,"0750201-000 
OPTION,LDSR-HR,SS11K",,"0748073-000
 OPTION,SWE-EP,SS11K",1083516,"0754840-000
KIT,INTEGRATION,SSID,SS11K",1083517,"0715121-000 
OPTION,COMPENSATOR,SS11K",1082683,"0676538-000 OPTION,940NM LED,PR,LDSR",1083518,0647916-000,,1,0
Viking SS11K_m,7273286,123265,MICRON FAB 16,KLA,9-Jun,16-Aug,,,,,"Tester SS11K_M 
0750868-000 ",1082684,"0750855-000 
FEATURE,2.5UM IRSE",1082685,"0712159-000 
LDSR INTEGRATION",1082686,"0750201-000 
OPTION,LDSR-HR,SS11K",,,,,,"0715121-000 
OPTION,COMPENSATOR,SS11K",1082687,"0676538-000
OPTION,940NM LED,PR,LDSR ",1082688,,,1,0
Viking SS11K,7273254,119768,TSMC FAB 18 P1,KLA,14-Jun,20-Jul,,H000317217,0756701-000,1084596,Tester 0745640-000,1082835,"0714778-000 
FEATURE,BBSE,SS11K-i",1082834,"0712159-000 
LDSR INTEGRATION",1082836,"0714339-000 
OPTION,LDSR-EP,SS11K  ",,,,,,"0715121-000 
OPTION,COMPENSATOR,SS11K",1082837,,,,,1,0
Viking SS11K_m,7273271,119640,TOKYO OHKA KORIYAMA,KLA,14-Jun,21-Jul,,H000344620,0756702-000,1084658,"Tester SS11K_M 
0750868-000 ",1082842,"0750855-000 
FEATURE,2.5UM IRSE",1082843,"0712159-000 
LDSR INTEGRATION",1082844,"0750201-000 
OPTION,LDSR-HR,SS11K",,,,,,"0715121-000 
OPTION,COMPENSATOR,SS11K",1082845,,,,,1,0
Aleris 8500,7273203,123047,SEMICONDUCTOR MANUFACTURING BEJING,KLA,16-Jun,19-Jul,,,,,Tester 0221129-000,1082906,"0100228-000
FEATURE,BBSE,150/VUV,ALERIS 8500",1082907,"0117525-000 
ASSY,FOCUS DETECTOR,PR,ALERIS",1082911,,,"0100420-000 
OPTION,15X UVR,ALERIS",1082908,0613744-000 ID,1082909,"0372205-001 
KIT,SWE,ALERIS,ROW",1082910,,,,,1,0
Aleris 8370,7273205,125373,SAMSUNG P3F,KLA,16-Jun,11-Jul,,,,,Tester 0221128-000,1082912,"0792813-000 
FEATURE,BBSE,240/UV,ALERIS 8370,ROW",1082913,"0861457-000 
FEATURE,WLR & IR LED 850,ALERIS",1082914,,,"0200340-000 
OPTION,UVR,1X OBJ,ALERIS",1082915,,,,," 0718914-000 
FIBER,400UM,5M,AL,.22NA,SMA",1082916,,,1,0
Aleris 8500,7273249,120040,TSMC FAB 16,KLA,16-Jun,14-Jul,,H000344407,0221126-000,1085062,Tester 0221129-000,1082917,"0100228-000
FEATURE,BBSE,150/VUV,ALERIS 8500",1082919,"0117525-000 
ASSY,FOCUS DETECTOR,PR,ALERIS",1082920,,,,,0567632-000 AID,1082921,"0372205-001 
KIT,SWE,ALERIS,ROW",1082922,,,,,1,0
SS 8660,7273188,125474,KIOXIA CORP Y7,KLA,16-Jun,30-Jun,,,,,Tester - 0299229-000,1083076,"0283706-000 
FEATURE,240 BBSE,64SUMS,SPECTRA SHAPE",1083077,0117525-000 FD,1083078,,,"0283708-000 
eUVR",1083079,,,,,"   0693129-000 
KIT,UPGRADE,PARTICLE EXTRACTION,ALERIS",1083253,"0613804-000 ASSY, N2 PURGE, 8810/8660 MATCHING,MAKE ",1083252,,0
Viking SS11Ki,7273309,124108,INTEL CORPORATION FAB D1D,KLA,19-Jun,1-Sep,,,,,"Tester SS11K-I 
0715134-000",1083107,0714778-000 - BBSE SS11K,1083111,"0712159-000 
LDSR INTEGRATION",1083112,"0714339-000     
OPTION,LDSR-EP,SS11K  ",,,,,,"0715121-000 
Compensator",1083113,,,0769140-000,0744867-000,,0
Viking F1,7273247,123112,TSMC FAB 12 P8,KLA,19-Jun,13-Jul,,H000344437,0634468-000,1084595,Tester 0614033-000,1083120,"0629129-000 
XMSE Cascaded",1083121,"0630252-000 
OPTION,DIGITAL NAVIGATION SYSTEM",1083123,,,"0607019-000 
OPTION,SWE-EP",1083125,,,"0597905-000 
OPTION,COMPENSATOR,C/W LDSR,GEN8 SE",1083126,"0614958-000 OPTION,MSWAVECAL",1083127,"0623771-000 OPTION,FOG,F1",1083128,,0
SS 8660,7273211,,HUA HONG SEMICONDUCTOR (WUXI),KLA,19-Jun,19-Jul,,,,,Tester - 0299229-000,1083144,"0283706-000 
FEATURE,240 BBSE,64SUMS,SPECTRA SHAPE",1083145,0117525-000 FD,1083146,,,"0283708-000 
eUVR",1083147,,,,,,,,,,0
Aleris 8500,7273231,120041,TSMC FAB 16,KLA,23-Jun,6-Jul,,,,,Tester 0221129-000,1083300,"0100228-000
FEATURE,BBSE,150/VUV,ALERIS 8500",1083302,"0117525-000 
ASSY,FOCUS DETECTOR,PR,ALERIS",1083303,,,,,0567632-000 AID,1083304,"0372205-001 
KIT,SWE,ALERIS,ROW",1083305,,,,,1,0
Viking SS10K 3D ,7273217,122911,SOITEC MICROELECTRONICS SINGAPORE,KLA,26-Jun,5-Jul,,H000344508,0694165-000,1083877,Tester 0575637-000,1083397,"0624483-000 
FEATURE, 2.2UM IRSE",1083399,"0630252-000 
OPTION,DIGITAL NAVIGATION SYSTEM",1083401,,,,,,,"0597905-000 
OPTION,COMPENSATOR,C/W LDSR,GEN8 SE",1083403,,,,,,0
Viking SS10K,7273222,120567,TSMC FAB 18 P1,KLA,26-Jun,7-Jul,,H000344549,0634469-000,1085278,Tester 0575637-000,1083404,"0595800-000 
BBSE,MICRO SPOT,LDSR",1083411,"0638704-000 
KIT,INTEGRATION,LDSR",1083406,"0575683-000 
OPTION,LDSR,VIKING",,,,,,"0597905-000 
Compensator",1083407,"0612400-000 KIT,UPGRADE,16HZ SE POLARIZER",Didn’t issue in toll start,,,,0
Viking SS10K,7273227,120568,TSMC FAB 18 P1,KLA,26-Jun,7-Jul,,H000344571,0634469-000,1085274,Tester 0575637-000,1083424,"0595800-000 
BBSE,MICRO SPOT,LDSR",1083427,"0638704-000 
KIT,INTEGRATION,LDSR",1083428,"0575683-000 
OPTION,LDSR,VIKING",,,,,,"0597905-000 
Compensator",1083429,"0612400-000 KIT,UPGRADE,16HZ SE POLARIZER",Didn’t issue in toll start,,,,0
Viking SS10K,7273214,119355,GLOBALFOUNDRIES MALTA NY FAB 8,KLA,26-Jun,4-Jul,,H000344504,0694165-000,1085084,Tester 0575637-000,1083423,"0624483-000 
FEATURE, 2.2UM IRSE",1083432,"0638704-000 
KIT,INTEGRATION,LDSR",1083430,"0575683-000 
OPTION,LDSR,VIKING",,,,,,"0597905-000
Copensator",1083434,,,,,,0
Viking F1,7273266,124881,SAMSUNG P2L,KLA,26-Jun,19-Jul,,,,,Tester 0614033-000,1083443,"0629129-000 
XMSE Cascaded",1083444,"0638704-000
KIT,INTEGRATION,LDSR",1083445,"0575683-000
OPTION,LDSR",,"0607019-000 
OPTION,SWE-EP",1083446,"0638710-000
SSiD",1083447,"0597905-000 
OPTION,COMPENSATOR,C/W LDSR,GEN8 SE",1083448,"0614958-000 OPTION,MSWAVECAL",1083451,"0623771-000
OPTION,FOG,F1",1083449,"0679597-000
OPTION,N2 LOCAL PURGE,SWE-EP",0
Aleris 8370,7273204,127466,SAMSUNG P3F,KLA,26-Jun,19-Jul,,,,,Tester 0221128-000,1083452,"0792813-000 
FEATURE,BBSE,240/UV,ALERIS 8370,ROW",1083454,"0861457-000 
FEATURE,WLR & IR LED 850,ALERIS",1083455,,,"0200340-000 
OPTION,UVR,1X OBJ,ALERIS",1083456,,,,," 0718914-000 
FIBER,400UM,5M,AL,.22NA,SMA",1083457,,,,0
Aleris 8500,7273248,120049,TSMC FAB 16,KLA,26-Jun,14-Jul,,,,,Tester 0221129-000,1083466,"0100228-000
FEATURE,BBSE,150/VUV,ALERIS 8500",1083469,"0117525-000 
ASSY,FOCUS DETECTOR,PR,ALERIS",1083471,,,,,0567632-000 AID,1083472,"0372205-001 
KIT,SWE,ALERIS,ROW",1083473,,,,,,0
Aleris 8350,7273196,120086,INTEL IRELAND LTD FAB 24,KLA,27-Jun,17-Jul,,,,,Tester 0221128-000,1083563,"0603648-000
FEATURE,BBSE,193/DUV,ALERIS 8350,ROW",1083569,"0117525-000 
ASSY,FOCUS DETECTOR,PR,ALERIS",1083559,,,0567632-000 AID,1083560,"0372205-001
KIT,SWE,ALERIS,ROW",1083562,,,,,,,,0
Aleris 8500,7273084,0,HUA HONG SEMICONDUCTOR (WUXI),KLA,27-Jun,19-Jul,,,,,Tester 0221129-000,1083515,"0100228-000
FEATURE,BBSE,150/VUV,ALERIS 8500",1083520,"0100231-001 
FEATURE,WLR,ALERIS",1083519,,,0613744-000 ID,1083521,"0372205-001 
KIT,SWE,ALERIS,ROW",1083522,,,,,,,,0
Aleris 8370,7273199,0,SAMSUNG P3F,KLA,27-Jun,18-Jul,,,,,Tester 0221128-000,1083549,"0792813-000 
FEATURE,BBSE,240/UV,ALERIS 8370,ROW",1083561,"0861457-000 
FEATURE,WLR & IR LED 850,ALERIS",1083564,,,"0200340-000 
OPTION,UVR,1X OBJ,ALERIS",1083566,,,,," 0718914-000 
FIBER,400UM,5M,AL,.22NA,SMA",1083567,,,,0
Aleris 9350,7273265,,OPEN,KLA,27-Jun,3-Aug,,,,,"Tester SS12K 
0787175-000",1083585,"0714778-000 
FEATURE,BBSE,SS11K-i",1083589,"0801880-000 
KIT,INTEGRATION,LDSR-XP",1083587,"0790589-000-Optical module, LDSR-XP",,,,,,"0715121-000 
OPTION,COMPENSATOR,SS11K",1083588,,,,,,0
Viking SS11K_m,7273272,125828,#N/A,KLA,4-Jul,24-Jul,,,,,"Tester SS11K_M 
0750868-000 ",1083880,"0750855-000 
FEATURE,2.5UM IRSE",1083881,,,0828181-000-Option DNS,1083882,,,,,"0715121-000 
OPTION,COMPENSATOR,SS11K",1083883,,,0647916-000,,,0
Aleris 8510,7273082,119087,GLOBALFOUNDRIES SINGAPORE (FAB 7),KLA,5-Jul,1-Aug,,H000344717,0256442-000,1085069,Tester  0291462-000,1083893,"0256449-000 
FEATURE,BBSE,150/VUV,ALERIS 8510",1083890,"0117525-000 
ASSY,FOCUS DETECTOR,PR,ALERIS",1083892,,,"0100420-000
OPTION 15X UVR ALERIS",1083894,0567632-000 AID,1083895,"0372205-001 
KIT,SWE,ALERIS,ROW",1083896,,,,,,0
Viking F1,7273267,120708,TSMC FAB 18 P6,KLA,5-Jul,19-Jul,,,,,Tester 0614033-000,1083899,"0629129-000 
XMSE Cascaded",1083900,"0630252-000 
OPTION,DIGITAL NAVIGATION SYSTEM",1083901,,,"0607019-000 
OPTION,SWE-EP",1083902,,,"0597905-000 
OPTION,COMPENSATOR,C/W LDSR,GEN8 SE",1083904,"0614958-000 OPTION,MSWAVECAL",1083905,"0623771-000
OPTION,FOG,F1",1083906,,0
LD10,7273235,119674,STMICROELECTRONICS (CROLLES 2) SAS,KLA,5-Jul,19-Jul,,,,,"TESTER – LD 10
0511938-000",1084123,"IRSE A-B
0598134-000",1084124,"WLR for SF LD 10
0353539-000",1084125,,,"0556087-000
KIT,SWE-2,SHELBY",1084130,"0510619-000
OPTION,SSID/SWE/SHELBY",1084126,"OPTION,940NM LED,WLR/PR
0676544-000",1084131,,,,,,0
F20,7273323,126712,SAMSUNG P3F,KLA,10-Jul,20-Sep,,,,,Tester 0745640-000,1084176,"0837211-000-FEATURE IRSE 2.5UM,HS,F10 ",1084175,"0990091-000
LDSR INTEGRATION",1084178,"0825350-000-OPTION,LDSRHR,F10  ",,"0748073-000
 OPTION,SWE-EP,SS11K",1084179,,,"0804803-000
OPTION,COMPENSATOR,F10",1084180,"0614958-000 OPTION,MSWAVECAL",1084181,"0623771-000 OPTION,FOG,F1",1084182," 0975909-000        KIT,UPGRADE,SE 170,V9,F10",0
Aleris 8500,7273257,118224,SMIC F16,KLA,10-Jul,25-Aug,,,,,Tester 0221129-000,1084186,"0100228-000
FEATURE,BBSE,150/VUV,ALERIS 8500",1084187,"0117525-000 
ASSY,FOCUS DETECTOR,PR,ALERIS",1084188,,,"0100420-000
OPTION 15X UVR ALERIS",1084189,"0613744-000
KIT MAKE IDESORBER SP ALERIS",1084190,"0372205-001 
KIT,SWE,ALERIS,ROW",1084191,,,,,,0
Viking F1,7273283,122824,CHANGXIN JIDIAN (BEIJING) MEMORY,KLA,11-Jul,30-Aug,,,,,Tester 0614033-000,1084268,"0673967-000 
FEATURE, 2.2UM IRSE,F1",1084269,"0638704-000
KIT,INTEGRATION,LDSR",1084270,"0575683-000
OPTION,LDSR",,"0607019-000 
OPTION,SWE-EP",1084272,"0638710-000
SSiD",1084273,"0597905-000 
OPTION,COMPENSATOR,C/W LDSR,GEN8 SE",1084274,"0614958-000 OPTION,MSWAVECAL",1084275,"0623771-000
OPTION,FOG,F1",1084276,,0
Viking F1,7273287,122825,CHANGXIN JIDIAN (BEIJING) MEMORY,KLA,11-Jul,28-Aug,,,,,Tester 0614033-000,1084277,"0673967-000 
FEATURE, 2.2UM IRSE,F1",1084278,"0638704-000
KIT,INTEGRATION,LDSR",1084279,"0575683-000
OPTION,LDSR",,"0607019-000 
OPTION,SWE-EP",1084280,"0638710-000
SSiD",1084281,"0597905-000 
OPTION,COMPENSATOR,C/W LDSR,GEN8 SE",1084282,"0614958-000 OPTION,MSWAVECAL",1084283,"0623771-000
OPTION,FOG,F1",1084284,,0
SF 8660,7273262,119044,GLOBALFOUNDERIES SINGAPORE )FAB 7H(,KLA-Vilar ,12-Jul,1-Aug,,H000344669,0809023-000,1085266,Tester - 0754738-000,1084285,"0283706-000 
FEATURE,240 BBSE,64SUMS,SPECTRA SHAPE",1084286,"0100231-001 
FEATURE,WLR,ALERIS",1084287,,,,,,,,,,,,,,0
Aleris 8350,7273192,122488,INTEL SEMICONDUCTOR (DALIAN) LTD.,KLA,12-Jul,26-Jul,,,,,Tester 0221128-000,1084302,"0603648-000
FEATURE,BBSE,193/DUV,ALERIS 8350,ROW",1084303,"0117525-000 
ASSY,FOCUS DETECTOR,PR,ALERIS",1084304,,,"0100420-000 
OPTION,15X UVR,ALERIS",1084305,,,,,,,,,,0
Viking F1,7273269,123121,TSMC FAB 18 P5,KLA,12-Jul,22-Aug,Tester 0614033-000,1084288,"0629129-000 
XMSE Cascaded",1084290,Tester 0614033-000,1084288,"0629129-000 
XMSE Cascaded",1084290,"0630252-000 
OPTION,DIGITAL NAVIGATION SYSTEM",1084289,,,"0607019-000 
OPTION,SWE-EP",1084294,,,"0597905-000 
OPTION,COMPENSATOR,C/W LDSR,GEN8 SE",1084291,"0614958-000 OPTION,MSWAVECAL",1084292,"0623771-000
OPTION,FOG,F1",1084293,,0
Viking F1,7273263,120688,TSMC FAB 18 P1,KLA,12-Jul,3-Oct,,,,,Tester 0614033-000,1084306,"0629129-000 
XMSE Cascaded",1084307,"0630252-000 
OPTION,DIGITAL NAVIGATION SYSTEM",1084308,,,"0607019-000 
OPTION,SWE-EP",1084309,,,"0597905-000 
OPTION,COMPENSATOR,C/W LDSR,GEN8 SE",1084310,"0614958-000 OPTION,MSWAVECAL",1084311,"0623771-000
OPTION,FOG,F1",1084312,,0
Viking SS11K,7273239,124028,SMSC (S2B),KLA,14-Jul,3-Oct,,,,,Tester 0745640-000,1084352,"0714778-000 
FEATURE,BBSE,SS11K-i",1084353,"0712159-000 
LDSR INTEGRATION",1084354,"0714339-000 
OPTION,LDSR-EP,SS11K  ",,,,,,"0715121-000 
OPTION,COMPENSATOR,SS11K",1084355,,,,,,0
Aleris 8510,7273280,119278,GLOBALFOUNDRIES SINGAPORE (FAB 7H),KLA,16-Jul,24-Aug,,,,,Tester  0291462-000,1084421,"0256449-000 
FEATURE,BBSE,150/VUV,ALERIS 8510",1084422,"0117525-000 
ASSY,FOCUS DETECTOR,PR,ALERIS",1084423,"0100420-000
OPTION 15X UVR ALERIS",1084424,"0372205-001 
KIT,SWE,ALERIS,ROW",1084425,0567632-000 AID,1084426,,,,,,,,0
Viking SS11K_S,7273276,128833,SAMSUNG P3F,KLA,17-Jul,6-Sep,,,,," TESTER,SPECTRASHAPE 11K_S
0842074-000",1084427,"0837027-000 
FEATURE,IRSE2.5,SS11K_S",1084428,"0712159-000 
LDSR INTEGRATION",1084429,"0750201-000 
OPTION,LDSR-HR,SS11K",,,,,,"0715121-000 
OPTION,COMPENSATOR,SS11K",1084431,"0814857-000           KIT,UPGRADE,1.2MM CAPABILITY,SS11K",1084883,"  0841808-000        KIT,UPGRADE,PASSIVE ISOLATION,SS11K",1084881,,0
Viking F1,7273284,124886,SAMSUNG P2L,KLA,19-Jul,6-Sep,,,,,Tester 0614033-000,1084500,"0629129-000 
XMSE Cascaded",1084501,"0638704-000
KIT,INTEGRATION,LDSR",1084502,"0575683-000
OPTION,LDSR",,"0607019-000 
OPTION,SWE-EP",1084503,"0638710-000
SSiD",1084504,"0597905-000 
OPTION,COMPENSATOR,C/W LDSR,GEN8 SE",1084505,"0614958-000 OPTION,MSWAVECAL",1084506,"0623771-000
OPTION,FOG,F1",1084507,"0679597-000
OPTION,N2 LOCAL PURGE,SWE-EP",0
Viking SS11K,7273296,119587,TSMC FAB 18 P1,KLA,20-Jul,28-Aug,,,,,Tester 0745640-000,1084509,"0714778-000 
FEATURE,BBSE,SS11K-i",1084510,"0712159-000 
LDSR INTEGRATION",1084511,"0714339-000 
OPTION,LDSR-EP,SS11K  ",,,,,,"0715121-000 
OPTION,COMPENSATOR,SS11K",1084512,,,,,,0
Viking F1,7273243,120685,TSMC FAB 18 P1,KLA,20-Jul,28-Aug,,,,,Tester 0614033-000,1084533,"0629129-000 
XMSE Cascaded",1084534,"0630252-000 
OPTION,DIGITAL NAVIGATION SYSTEM",1084536,,,"0607019-000 
OPTION,SWE-EP",1084539,,,"0597905-000 
OPTION,COMPENSATOR,C/W LDSR,GEN8 SE",1084540,"0614958-000 OPTION,MSWAVECAL",1084541,"0623771-000
OPTION,FOG,F1",1084542,,0
Viking F1,7273259,120729,YANGTZE MEMORY TECHNOLOGIES,KLA,20-Jul,28-Aug,,,,,Tester 0614033-000,1084535,"0673967-000
IRSE 2.2
",1084537,"0638704-000
KIT,INTEGRATION,LDSR",1084553,"0575683-000
OPTION,LDSR",,"0607019-000 
OPTION,SWE-EP",1084538,"0635153-000
KIT SSID",1084545,"0597905-000 
OPTION,COMPENSATOR,C/W LDSR,GEN8 SE",1084543,"0614958-000 OPTION,MSWAVECAL",1084544,"0651006-000
FOG",1084555,,0
Aleris 8350,7273182,,HUA HONG SEMICONDUCTOR (WUXI),KLA,20-Jul,24-Aug,,,,,Tester 0221128-000,1084559,"0603648-000
FEATURE,BBSE,193/DUV,ALERIS 8350,ROW",1084560,"0100231-001 
FEATURE,WLR,ALERIS",1084561,,,,,,,,,,,,,,0
SF 8660 HT,7273260,117091,UMC 12A P5,KLA,20-Jul,9/152022,,,,,Tester - 0754738-000,1084562,"0283706-000 
FEATURE,240 BBSE,64SUMS,SPECTRA SHAPE",1084563,"0100231-001 
FEATURE,WLR,ALERIS",1084564,,,,,,,,,"   0693129-000 
KIT,UPGRADE,PARTICLE EXTRACTION,ALERIS",1084565,,,,0
Viking SS11K,7273315,120550,TSMC FAB 18 P1,KLA,24-Jul,13-Sep,,,,,Tester 0745640-000,1084607,"0714778-000 
FEATURE,BBSE,SS11K-i",1084608,"0712159-000 
LDSR INTEGRATION",1084609,"0714339-000 
OPTION,LDSR-EP,SS11K  ",,,,,,"0715121-000 
OPTION,COMPENSATOR,SS11K",1084611,,,,,,0
Viking SS11K_m,7273258,125426,SK HYNIX SEMICONDUCTOR (CHINA) C2F,KLA,24-Jul,31-Aug,,,,,"Tester SS11K_M 
0750868-000 ",1084616,"0750855-000 
FEATURE,2.5UM IRSE",1084617,,,0828181-000-Option DNS,1084618,,,,,"0715121-000 
OPTION,COMPENSATOR,SS11K",1084619,,,,,,0
Viking F1,7273291,120684,TSMC FAB 18 P1,KLA,24-Jul,31-Aug,,,,,Tester 0614033-000,1084625,"0629129-000 
XMSE Cascaded",1084626,"0630252-000 
OPTION,DIGITAL NAVIGATION SYSTEM",1084627,,,"0607019-000 
OPTION,SWE-EP",1084629,,,"0597905-000 
OPTION,COMPENSATOR,C/W LDSR,GEN8 SE",1084633,"0614958-000 OPTION,MSWAVECAL",1084634,"0623771-000
OPTION,FOG,F1",1084635,,0
Viking SS11K,7273277,124041,SMSC (S2B),KLA,24-Jul,31-Aug,,,,,Tester 0745640-000,1084659,"0714778-000 
FEATURE,BBSE,SS11K-i",1084663,"0712159-000 
LDSR INTEGRATION",1084664,"0714339-000 
OPTION,LDSR-EP,SS11K  ",,,,,,"0715121-000 
OPTION,COMPENSATOR,SS11K",1084665,,,,,,0
Viking F1,7273285,120683,TSMC FAB 18 P1,KLA,25-Jul,28-Sep,,,,,Tester 0614033-000,1084670,"0629129-000 
XMSE Cascaded",1084672,"0630252-000 
OPTION,DIGITAL NAVIGATION SYSTEM",1084673,,,"0607019-000 
OPTION,SWE-EP",1084674,,,"0597905-000 
OPTION,COMPENSATOR,C/W LDSR,GEN8 SE",1084675,"0614958-000 OPTION,MSWAVECAL",1084676,"0623771-000
OPTION,FOG,F1",1084677,,0
SF 8660 HT,7273237,119054,GLOBALFOUNDRIES SINGAPORE (FAB 7),KLA,31-Jul,15-Sep,,,,,Tester - 0754738-000,1084880,"0283706-000 
FEATURE,240 BBSE,64SUMS,SPECTRA SHAPE",1084882,"0100231-001 
FEATURE,WLR,ALERIS",1084884,,,,,,,,,,,,,,0
SF 8660,7273240,119081,GLOBALFOUNDRIES SINGAPORE (FAB 7H),KLA-Vilar ,31-Jul,12-Sep,,,,,Tester - 0754738-000,1084876,"0283706-000 
FEATURE,240 BBSE,64SUMS,SPECTRA SHAPE",1084877,"0100231-001 
FEATURE,WLR,ALERIS",1084879,,,,,,,,,,,,,,0
Viking SS11K,7273305,124040,SMSC (S2B),KLA,31-Jul,15-Sep,,,,,Tester 0745640-000,1084895,"0714778-000 
FEATURE,BBSE,SS11K-i",1084896,"0712159-000 
LDSR INTEGRATION",1084897,"0714339-000 
OPTION,LDSR-EP,SS11K  ",,,,,,"0715121-000 
OPTION,COMPENSATOR,SS11K",1084898,,,,,,0
Viking SS10K 3D ,7273314,124190,STMICROELECTRONICS (CROLLES 2) SAS,KLA,31-Jul,12-Sep,,,,,Tester 0575637-000,1084903,"0624483-000 
FEATURE, 2.2UM IRSE",1084904,"0638704-000 
KIT,INTEGRATION,LDSR",1084905,,,,,,,"0597905-000 
OPTION,COMPENSATOR,C/W LDSR,GEN8 SE",1084906,,,,,,0
Viking SS10K 3D ,7273313,124024,SMSC (S2B),KLA,31-Jul,28-Sep,,,,,Tester 0575637-000,1084899,"0629129-000 
XMSE Cascaded",1084907,"0630252-000 
OPTION,DIGITAL NAVIGATION SYSTEM",1084908,,,,,,,"0597905-000 
OPTION,COMPENSATOR,C/W LDSR,GEN8 SE",1084909,,,,,,0
Viking SS11K,7273301,124036,SMSC (S2B),KLA,1-Aug,15-Sep,,,,,Tester 0745640-000,1085026,"0714778-000 
FEATURE,BBSE,SS11K-i",1085027,"0712159-000 
LDSR INTEGRATION",1085028,"0714339-000 
OPTION,LDSR-EP,SS11K  ",,,,,,"0715121-000 
OPTION,COMPENSATOR,SS11K",1085029,,,,,,0
Viking SS11Ki,7273317,124094,INTEL CORPORATION FAB D1D,KLA,2-Aug,29-Sep,,,,,"Tester SS11K-I 
0715134-000",1085057,0714778-000 - BBSE SS11K,1085058,"0712159-000 
LDSR INTEGRATION",1085059,"0714339-000     
OPTION,LDSR-EP,SS11K  ",,,,,,"0715121-000 
Compensator",1085060,,,0769140-000,0744867-000,,0
Viking F1,7273307,124023,SMSC (S2B),KLA,1-Aug,22-Sep,,,,,Tester 0614033-000,1085037,"0629129-000 
XMSE Cascaded",1085038,"0638704-000
KIT,INTEGRATION,LDSR",1085039,,,"0607019-000 
OPTION,SWE-EP",1085040,"0638710-000
SSiD",1085042,"0597905-000 
OPTION,COMPENSATOR,C/W LDSR,GEN8 SE",1085043,"0614958-000 OPTION,MSWAVECAL",1085044,"0623771-000
OPTION,FOG,F1",1085064,,0
Viking SS11K,7273327,120620,SIEN (QINGDAO) INTEGRATED CIRCUITS,KLA,2-Aug,19-Sep,,,,,Tester 0745640-000,1085071,"0714778-000 
FEATURE,BBSE,SS11K-i",1085072,"0712159-000 
LDSR INTEGRATION",1085073,"0714339-000 
OPTION,LDSR-EP,SS11K  ",,,,,,"0715121-000 
OPTION,COMPENSATOR,SS11K",1085074,,,,,,0
Aleris 8350,7273250,126328,HUA HONG SEMICONDUCTOR (WUXI),KLA,3-Aug,18-Sep,,,,,Tester 0221128-000,1085110,"0603648-000
FEATURE,BBSE,193/DUV,ALERIS 8350,ROW",1085111,"0100231-001 
FEATURE,WLR,ALERIS",1085112,,,,,,,,,,,,,,0
Aleris 8350,7273251,128665,SEMICONDUCTOR MANUFACTURING BEIJING,KLA,3-Aug,19-Sep,,,,,Tester 0221128-000,1085118,"0603648-000
FEATURE,BBSE,193/DUV,ALERIS 8350,ROW",1085119,"0100231-001 
FEATURE,WLR,ALERIS",1085120,,,,,,,,,,,,,,0
Aleris 8500,7273324,123045,SEMICONDUCTOR MANUFACTURING BEIJING,KLA,3-Aug,22-Sep,,,,,Tester 0221128-000,1085125,"0100228-000
FEATURE,BBSE,150/VUV,ALERIS 8500",1085127,"0117525-000 
ASSY,FOCUS DETECTOR,PR,ALERIS",1085128,,,"0100420-000
OPTION 15X UVR ALERIS",1085129,"0372205-001 
KIT,SWE,ALERIS,ROW",1085131,"0613744-000
KIT MAKE IDESORBER SP ALERIS",1085132,,,,,,0
SS9010,7273216,119066,TEXAS INSTRUMENTS RFAB 2,KLA,4-Aug,11-Sep,,,,,"TESTER,SPECTRA SHAPE 9010
0376421-000",1085159,"0527023-000 
FEATURE,BBSE,ROW,SHELBY",1085160,"WLR for SF LD 10
0353539-000",1085161,,,0556674-000 Low NA Euvr,1085162,,,"OPTION,940NM LED,WLR/PR
0676544-000",1085163,,,,,,0
SS9010,7273270,119074,TEXAS INSTRUMENTS RFAB 2,KLA,7-Aug,11-Sep,,,,,"TESTER,SPECTRA SHAPE 9010
0376421-000",1085192,"0527023-000 
FEATURE,BBSE,ROW,SHELBY",1085197,"WLR for SF LD 10
0353539-000",1085198,,,0556674-000 Low NA Euvr,1085199,,,"OPTION,940NM LED,WLR/PR
0676544-000",1085201,,,,,,0
Viking F1,7273306,120686,TSMC FAB 18 P1,KLA,7-Aug,11-Sep,,,,,Tester 0614033-000,1085202,"0629129-000 
XMSE Cascaded",1085203,"0630252-000 
OPTION,DIGITAL NAVIGATION SYSTEM",1085204,,,"0607019-000 
OPTION,SWE-EP",1085205,,,"0597905-000 
OPTION,COMPENSATOR,C/W LDSR,GEN8 SE",1085206,"0614958-000 OPTION,MSWAVECAL",1085207,"0623771-000
OPTION,FOG,F1",1085208,,0
Viking SS10K 3D,7273329,122814,CHANGXIN,KLA,7-Aug,22-Sep,,,,,Tester 0575637-000,1085226,"0629129-000 
XMSE Cascaded",1085227,"0638704-000 
KIT,INTEGRATION,LDSR",1085228,,,,,"0638710-000
KIT SSID SP",1085230,"0597905-000 
OPTION,COMPENSATOR,C/W LDSR,GEN8 SE",1085231,"0607019-000
SWE EP + SSID",1085229,,,,0
Aleris 8500,7273320,123042,SEMICONDUCTOR MANUFACTURING BEIJING,KLA,10-Aug,22-Sep,,,,,Tester 0221128-000,1085301,"0100228-000
FEATURE,BBSE,150/VUV,ALERIS 8500",1085302,"0117525-000 
ASSY,FOCUS DETECTOR,PR,ALERIS",1085303,,,"0100420-000
OPTION 15X UVR ALERIS",1085304,"0372205-001 
KIT,SWE,ALERIS,ROW",1085305,"0613744-000
KIT MAKE IDESORBER SP ALERIS",1085307,,,,,,0
SF 8660,7273279,119080,GLOBALFOUNDRIES SINGAPORE (FAB 7H),KLA-Vilar ,10-Aug,12-Sep,,,,,Tester - 0754738-000,1085316,"0283706-000 
FEATURE,240 BBSE,64SUMS,SPECTRA SHAPE",1085317,"0100231-001 
FEATURE,WLR,ALERIS",1085318,,,,,,,,,,,,,,0
Aleris 8350,7273218,128792,HUA HONG SEMICONDUCTOR (WUXI),KLA,10-Aug,21-Sep,,,,,Tester 0221128-000,1085319,"0603648-000
FEATURE,BBSE,193/DUV,ALERIS 8350,ROW",1085329,"0100231-001 
FEATURE,WLR,ALERIS",1085320,,,,,,,,,,,,,,0
Aleris 8350,7273232,122262,SMIC F16,KLA,11-Aug,20-Sep,,,,,Tester 0221128-000,1085341,"0603648-000
FEATURE,BBSE,193/DUV,ALERIS 8350,ROW",1085342,"0100231-001 
FEATURE,WLR,ALERIS",1085343,,,,,,,,,,,,,,0
